word,category,score,memo
볼일,일반명사,2
빈칸,일반명사,,
내친김,일반명사,,
빈방,일반명사,,
만듦새,일반명사,,
플러그인,일반명사,,
반각,일반명사,,
전각,일반명사,,
해시,일반명사,,
간지,일반명사,-5,
관문,일반명사,,
가량,일반명사,,
던전,일반명사,,
점등,일반명사,,
매일매일,일반명사,,
어린애,일반명사,,
어린아이,일반명사,,
큰일,일반명사,,
어린나무,일반명사,,
착목,일반명사,,
파티시에,일반명사,,
네놈,일반명사,,
홀로그램,일반명사,,
어린것,일반명사,,
이놈,일반명사,,
딴짓,일반명사,,
바보짓,일반명사,,
별거,일반명사,5,
별건,일반명사,3,
별것,일반명사,8,
별짓,일반명사,5,
그중,일반명사,,
공진,일반명사,,
새것,일반명사,,
위기일발,일반명사,,
다운,일반명사,,
검투,일반명사,,
아무것,일반명사,13,
아무거,일반명사,5,
돈더미,일반명사,,
불더미,일반명사,,
쌀더미,일반명사,,
흙더미,일반명사,,
장작더미,일반명사,,
조개더미,일반명사,,
오만가지,일반명사,,
군말,일반명사,,
낮말,일반명사,,
밤말,일반명사,,
큰일,일반명사,10
빈자리,일반명사,,
바른말,일반명사,5
줄임말,일반명사,,
본때,일반명사,,
그동안,일반명사,2,
일정량,일반명사,,
들새,일반명사,,
그간,일반명사,,
변이,일반명사,,
모자간,일반명사,2,
부부간,일반명사,2,
형제간,일반명사,2,
자매간,일반명사,2,
부자간,일반명사,2,
해방,일반명사,,
해역,일반명사,,
해파리,일반명사,,
안내,일반명사,-1,
들은귀,일반명사,,
살날,일반명사,,
짠맛,일반명사,5,
떫은맛,일반명사,5,
매운맛,일반명사,5,
신맛,일반명사,5,
선물,일반명사,5,
찬바람,일반명사,3,
큰불,일반명사,2,
하얀빛,일반명사,3,
흰빛,일반명사,3,
까만빛,일반명사,3,
노란빛,일반명사,3,
푸른빛,일반명사,3,
파란빛,일반명사,3,
붉은빛,일반명사,3,
눈사람,일반명사,3,
검은색,일반명사,3,
빨간색,일반명사,3,
붉은색,일반명사,3,
하얀색,일반명사,3,
잔향,일반명사,2,
준말,일반명사,-2,
합본,일반명사,,
우선순위,일반명사,3,
큰아버지,일반명사,,
한밤중,일반명사,3,
탈것,일반명사,,
다인원,일반명사,,
애덕,일반명사,-5,
관문,일반명사,,
사분면,일반명사,,
분면,일반명사,,
동쪽,일반명사,
서쪽,일반명사,
남쪽,일반명사,
북쪽,일반명사,
서북쪽,일반명사,,
서남쪽,일반명사,,
동서쪽,일반명사,,
동남쪽,일반명사,,
동북쪽,일반명사,,
북서쪽,일반명사,,
북동쪽,일반명사,,
남서쪽,일반명사,,
남동쪽,일반명사,,
남북쪽,일반명사,,
겉쪽,일반명사,,
안쪽,일반명사,,
아래쪽,일반명사,2,
쓸데,일반명사,5,
동귀어진,일반명사,,
본체,일반명사,,
미리듣기,일반명사,,
전단지,일반명사,,
헌터,일반명사,,
작중,일반명사,,
로더,일반명사,-5,
콜업,일반명사,,
리타이어,일반명사,,
리스폰,일반명사,
리마스터,일반명사,,
록온,일반명사,,
리워크,일반명사,,
암전,일반명사,,
대차,일반명사,,
텔레포트,일반명사,,
확대해석,일반명사,,
어그로,일반명사,,
단것,일반명사,,
단거,일반명사,,
해금,일반명사,,
콜라보,일반명사,,
타입,일반명사,,
생태계,일반명사,,
무쓸모,일반명사,,
대미지,일반명사,,
성간,일반명사,,
단말,일반명사,,
살날,일반명사,5,
탐측,일반명사,,
극중,일반명사,5,
중간,일반명사,5,
빈말,일반명사,3,
측문,일반명사,,
미리보기,일반명사,,
붙여넣기,일반명사,,
다시보기,일반명사,,
허튼짓,일반명사,5,
찻주전자,일반명사,,
누나,일반명사,,
치안서,일반명사,,
감항능력,일반명사,,
헛짓,일반명사,,
젊은것,일반명사,5,
되팔이,일반명사,,
헤일로,일반명사,,
접붙이기,일반명사,,
통창,일반명사,,
묵은내,일반명사,,
영업시간,일반명사,,
가면,일반명사,,
사고능력,일반명사,,
사측,일반명사,,
터키석,일반명사,,
개중,일반명사,,
날것,일반명사,5,
상고한어,일반명사,,
가슴속,일반명사,5,
머릿속,일반명사,5,
마음속,일반명사,10,
몸속,일반명사,5,
품속,일반명사,5,
그동안,일반명사,5,
리버스,일반명사,,
장시간,일반명사,,
극초반,일반명사,,
극후반,일반명사,,
날먹,일반명사,-5,
공속,일반명사,,
난격,일반명사,,
숲속,일반명사,8,
점심시간,일반명사,5,
장기자랑,일반명사,,
실습시간,일반명사,,
배쪽,일반명사,,
육가공,일반명사,,
에임,일반명사,,
스프레딩,일반명사,,
로스트 터키,일반명사,,
짤방,일반명사,,
중후반,일반명사,,
본작,일반명사,,
편측,일반명사,,
운동능력,일반명사,,
혈중,일반명사,,
세필,일반명사,,
물속,일반명사,10,
꿈속,일반명사,10,
산속,일반명사,10,
땅속,일반명사,10,
흰건반,일반명사,,
흑화,일반명사,,
전적,일반명사,,
빛무리,일반명사,,
검격,일반명사,,
참격,일반명사,,
탈거,일반명사,-3,
개량한복,일반명사,,
뜰채,일반명사,,
층간,일반명사,,
어린아이,일반명사,,
철창,일반명사,,
꽃말,일반명사,,
라인,일반명사,,
도원향,일반명사,,
돈부리,일반명사,,
해제,일반명사,,
반사면,일반명사,,
홍등,일반명사,,
맵,일반명사,,
배속,일반명사,,
직원용,일반명사,,
은연중,일반명사,,
셧아웃,일반명사,,
팔로,일반명사,-2,
어린아이,일반명사,5,
심쿵,일반명사,,
가능성,일반명사,,
제국,일반명사,1,
기원후,일반명사,4,
기원전,일반명사,4,
날붙이,일반명사,2,
신분,일반명사,,
쪽지,일반명사,,
표지등,일반명사,,
인면,일반명사,,
코믹스,일반명사,,
준전문가,일반명사,,
특등석,일반명사,,
포메라니안,일반명사,,
순식간,일반명사,2,
종속,일반명사,-1,
줄임말,일반명사,2,
유즈맵,일반명사,-1,
팔이,일반명사,-2,
이행시,일반명사,-3,
삼행시,일반명사,-3,
사행시,일반명사,-3,
오행시,일반명사,-3,
배도,일반명사,-3,
두말,일반명사,,
탈출로,일반명사,-1,
의상,일반명사,,
들여쓰기,일반명사,,
순회,일반명사,,
띄어쓰기,일반명사,,
붙여쓰기,일반명사,,
풀어쓰기,일반명사,,
경계면,일반명사,,
위스프,일반명사,-2,
가챠,일반명사,-3,
기만,일반명사,,
옆쪽,일반명사,,
아이템전,일반명사,-1,
또라이,일반명사,,
싱크로,일반명사,,
결정면,일반명사,-2,
집속,일반명사,-1,
주중,일반명사,,
증조부 대,일반명사,,
고해,일반명사,,
굳은살,일반명사,,
파밍,일반명사,,
새천년,일반명사,,
두벌식,일반명사,,
보정,일반명사,,
앞뒤,일반명사,2,
날줄,일반명사,-5,
씨줄,일반명사,-5,
제한,일반명사,,
인카운트,일반명사,,
인파이트,일반명사,,
인게임,일반명사,,
과금,일반명사,-2,
적중,일반명사,-1,
가능성,일반명사,5,
진화,일반명사,,
주살,일반명사,-3,
함내,일반명사,-1,
마경,일반명사,-1,
큰돈,일반명사,3,
의용대,일반명사,,
직격,일반명사,,
미친놈,일반명사,,
의수,일반명사,-1,
왕중왕,일반명사,-3,
돼지치기,일반명사,-3,
머신건,일반명사,,
제패니즈,일반명사,,
천벌,일반명사,,
발연점,일반명사,,
쌍격,일반명사,,
비상시,일반명사,1,
샷건,일반명사,,
미니건,일반명사,-2,
조준경,일반명사,,
스플래시,일반명사,,
킬,일반명사,-1,
쓴소리,일반명사,2,
점자,일반명사,,
보통화,일반명사,-2,
강등,일반명사,,
광속,일반명사,,
반등,일반명사,-2,
사내,일반명사,,
본편,일반명사,,
납도,일반명사,-2,
발도,일반명사,-2,
무드등,일반명사,-2,
감시등,일반명사,-2,
안개등,일반명사,-2,
안내등,일반명사,-2,
조명등,일반명사,-2,
풍등,일반명사,-2,
수면등,일반명사,-2,
경광등,일반명사,-2,
접촉면,일반명사,,
정의관,일반명사,,
증속,일반명사,-2,
독심,일반명사,-2,
절대신,일반명사,-4,
진물,일반명사,-1,
바른길,일반명사,3,
분탕,일반명사,,
부재중,일반명사,5,
의체,일반명사,-2,
혈중,일반명사,,
형상,일반명사,-2,
사자후,일반명사,-1,
연리지,일반명사,,
궂은일,일반명사,,
스콜피온,일반명사,,
뻘짓,일반명사,,
태내,일반명사,,
위쪽,일반명사,,
재주넘기,일반명사,,
이스터 에그,일반명사,,
입안,일반명사,5,
죽을병,일반명사,,
남고생,일반명사,-2,
남중,일반명사,-2,
남고,일반명사,-2,
의무관,일반명사,,
손안,일반명사,3,
가지치기,일반명사,,
성안,일반명사,3,
남보라색,일반명사,,
먼바다,일반명사,,
백리향,일반명사,-2,
몸속,일반명사,8,
본모습,일반명사,,
형제자매,일반명사,,
단위,일반명사,,
련,일반명사,-2,
큰애,일반명사,,
작은애,일반명사,,
싼값,일반명사,4,
해적,일반명사,-1,
방면,일반명사,,
떡밥,일반명사,,
전후반,일반명사,,우리말샘 등재
군체,일반명사,,
척후,일반명사,-2,
대활약,일반명사,,
이때,일반명사,3,
헛것,일반명사,,
무전,일반명사,,
도중,일반명사,,
그다음,일반명사,,
즉살,일반명사,,
수합,일반명사,,收合
가보,일반명사,,
차등,일반명사,-2,
취역,일반명사,,
항속,일반명사,-2,
이곳,일반명사,1,
그곳,일반명사,1,
저곳,일반명사,1,
연타석,일반명사,,
자기중심,일반명사,-10,'자기중심적'으로 분석되도록 조정
무게중심,일반명사,,
도주로,일반명사,,
한동안,일반명사,,
이명,일반명사,,
판돈,일반명사,-1,
지고천,일반명사,-5,
옛것,일반명사,,
공중,일반명사,,
공서양속,일반명사,,
손등,일반명사,,
칼치기,일반명사,-2,
저지력,일반명사,,
용자,일반명사,,
산탄총,일반명사,,
피탄,일반명사,,
특훈,일반명사,,
일정표,일반명사,-2,
진형,일반명사,,
산제물,일반명사,,
의동생,일반명사,,
찌질이,일반명사,,
백전노장,일반명사,,
손속,일반명사,,
할아범,일반명사,,
수기,일반명사,-1,
산업재,일반명사,-1,
정형시,일반명사,,
단선,일반명사,,
견원지간,일반명사,,

리시빙,일반명사,,
드러그,일반명사,-1,
키맵,일반명사,-1,
열것값,일반명사,,variant
컴파일,일반명사,,
디컴파일,일반명사,,
마이크로초,일반명사,,
비트맵,일반명사,,
오버라이드,일반명사,,
매크로,일반명사,,
빌드,일반명사,,
난수,일반명사,-2,亂數
미니맵,일반명사,,
월드맵,일반명사,,
매그넘,일반명사,-1,
에피,일반명사,-2,에피소드의 준말
기존쎄,일반명사,-3,신조어
떡상,일반명사,-3,신조어
극대노,일반명사,-3,신조어
지못미,일반명사,-5,신조어
키덜트,일반명사,-3,신조어
현질,일반명사,-1,신조어
먼치킨,일반명사,-2,신조어
템,일반명사,-3,신조어
반갈죽,일반명사,-5,신조어
내로남불,일반명사,-3,신조어
고인물,일반명사,-5,신조어
틀딱,일반명사,-5,신조어

소요시간,일반명사,,붙여쓰기도 허용

대학수학능력시험,고유명사,5,
한국어능력시험,고유명사,,
알리오 에 올리오,고유명사,,
나기나타,고유명사,-3,,
백개먼,고유명사,-3,,

등등,의존명사,10,

뒤따라오,동사,,
본뜨,동사,,
까매지,동사,,
파래지,동사,,
퍼레지,동사,,
입조심하,동사,,
그만하,동사,3,
게을리하,동사,,
헛걸음하,동사,,
머지않,동사,,
겁먹,동사,,
고쳐먹,동사,3,
말아먹,동사,5,
얻어먹,동사,5,
따먹,동사,3,
잡아먹,동사,5,
얻어먹,동사,,
집어먹,동사,5,
받아먹,동사,5,
놀고먹,동사,5,
떼먹,동사,5,
뜯어먹,동사,5,
털어먹,동사,5,
빨아먹,동사,5,
배짱부리,동사,,
성질부리,동사,,
심술부리,동사,,
욕심부리,동사,,
고집부리,동사,,
주접부리,동사,,
퉁명부리,동사,,
극성부리,동사,,
기승부리,동사,,
기세부리,동사,,
좋아하,동사,3,
불어닥치,동사,3,
갖다주,동사,,
떠내려오,동사,5,
흘러넘치,동사,,
돌아다니,동사,,
쫓아다니,동사,,
굴러다니,동사,,
넘쳐흐르,동사,3,
깎아내리,동사,,
갈고닦,동사,5,
먹고살,동사,10,
걷어차이,동사,,
끌어올리,동사,,
치고받,동사,,
주고받,동사,5,
얻어맞,동사,,
알아차리,동사,,
몰아쉬,동사,5,
헛소리하,동사,,
날아오르,동사,,
내려보내,동사,,
따라가,동사,5,
찾아가,동사,5,
찾아오,동사,5,
덮어쓰,동사,,
녹아내리,동사,,
돌아오,동사,3,
가져오,동사,3,
따라오,동사,3,
떠안기,동사,,
밀어붙이,동사,,
지켜보,동사,5,
살펴보,동사,5,
긁어모으,동사,5,
그러모으,동사,5,
끌어모으,동사,5,
굴러떨어지,동사,5,
불러들이,동사,5,
살아남,동사,5,
빠져나오,동사,10,
빠져나가,동사,10,
들고나오,동사,5,
타고나,동사,5,
와닿,동사,10,
앞서가,동사,5,
기어다니,동사,5,
좁아터지,동사,5,
맞닥트리,동사,5,
꿰뚫리,동사,5,
잡아당기,동사,10,
멀어지,동사,,
내버려두,동사,10,
데려오,동사,5,
들어오,동사,5,
넘쳐흐르,동사,5,
찾아다니,동사,5,
날아오르,동사,5,
까이,동사,,
뒤로하,동사,10,
팔아넘기,동사,5,
남아돌,동사,,
내버려두,동사,10,
그만두,동사,5,
놓아두,동사,5,
버려두,동사,5,
떠나보내,동사,10,
이어받,동사,5,
따라다니,동사,5,
날아다니,동사,5,
지나다니,동사,5,
잡아끌,동사,5,
내걸,동사,,
내려가,동사,,
날아가,동사,,
못쓰,동사,3,
비켜서,동사,3,
돌아가,동사,3,
잡혀가,동사,5,
찾아가,동사,5,
흘러나오,동사,5,
흘러내리,동사,5,
녹아내리,동사,5,
잡아넣,동사,5,
욱여넣,동사,5,
몰아넣,동사,5,
불어넣,동사,5,
앓아눕,동사,5,
끌려다니,동사,5,
목매달,동사,5,
끌어당기,동사,5,
거둬들이,동사,5,
맞아떨어지,동사,5,
물어뜯,동사,5,
불러모으,동사,5,
찢어발기,동사,5,
흘려보내,동사,5,
되돌려받,동사,5,
찾아뵙,동사,5,
찾아뵈,동사,5,
옮겨붙,동사,5,
쏴붙이,동사,5,
말라비틀어지,동사,5,
굽어살피,동사,5,
사고팔,동사,10,
움켜쥐,동사,5,
때려죽이,동사,5,
나눠주,동사,5,
가져다주,동사,5,
차려입,동사,5,
불러일으키,동사,5,
날아오르,동사,5,
쫓아오,동사,5,
가져오,동사,5,
잡아오,동사,5,
낡,동사,,
이어나가,동사,10,붙여쓰기도 허용이므로 단어 등록
갈려나가,동사,10,붙여쓰기도 허용이므로 단어 등록
빠져나가,동사,10,
잘나가,동사,10,
잘하,동사,5,
반질거리,동사,5,
깜짝하,동사,13,
적,동사,1,
집어넣,동사,5,
풀어쓰,동사,5,
열,동사,1,
만나,동사,1,
도망가,동사,5,
회오리치,동사,3,
어찌하,동사,10,
잘살,동사,,
잘못되,동사,12,
잘못하,동사,12,
잘나,동사,2,
못살,동사,,
야단치,동사,,
같이하,동사,10,
피식하,동사,,
장난치,동사,,
똑딱거리,동사,,
지리,동사,,
뒤집어쓰,동사,4,
떼쓰,동사,,
줄행랑치,동사,,
몸부림치,동사,5,
아우성치,동사,,
뒤집어쓰,동사,4,
썰리,동사,,
되감기,동사,,
뻥치,동사,,
헛치,동사,,
시집가,동사,3,
망가트리,동사,,
돌려쓰,동사,,
땡땡이치,동사,3,
손쓰,동사,3,
맞장구치,동사,5,

쏟아붓,동사규칙활용,5,
몸져눕,동사규칙활용,5,
귀담아듣,동사규칙활용,5,
새겨듣,동사규칙활용,5,
갈아입,동사불규칙활용,5,
짜깁,동사불규칙활용,2,

그만하,형용사,,
복슬복슬하,형용사,,
적잖,형용사,5
같잖,형용사,5
뜻깊,형용사,5
엿같,형용사,5,
꿈같,형용사,8,
주옥같,형용사,8,
실낱같,형용사,8,
뚱딴지같,형용사,8,
철통같,형용사,8,
벼락같,형용사,8,
목석같,형용사,8,
쏜살같,형용사,8,
한결같,형용사,8,
감쪽같,형용사,8,
불꽃같,형용사,8,
찰떡같,형용사,8,
악착같,형용사,8,
철벽같,형용사,8,
굴뚝같,형용사,8,
칼같,형용사,8,
더없,형용사,,
난만하,형용사,,
삿되,형용사,,
못생기,형용사,3,
잘생기,형용사,3,
덜하,형용사,5,
비등비등하,형용사,5,
꼴좋,형용사,,
사이좋,형용사,,
개같,형용사,5,
수많,형용사,5,
덜되,형용사,5,
좆같,형용사,5,
얼토당토않,형용사,5,

법하,보조용언,,

덧없,형용사,,
덧없이,일반부사,,

본척만척,일반부사,,
본척만척하,동사,,
본체만체,일반부사,,
본체만체하,동사,,

참다못하,동사,,
듣다못하,동사,,
참다못해,일반부사,,
듣다못해,일반부사,,

보잘것없,형용사,10,
보잘것없이,일반부사,10,

귀신같,형용사,,
귀신같이,일반부사,,
불같,형용사,,
불같이,일반부사,,

복슬복슬,일반부사,,
푸하하하,일반부사,,
매일매일,일반부사,,
한번,일반부사,,
어느새,일반부사,5,
씩,일반부사,,
기승전,일반부사,-10,
어느덧,일반부사,,
딸각,일반부사,,
여러모로,일반부사,10,
되는대로,일반부사,5,
바른대로,일반부사,5,
정도껏,일반부사,5,
이같이,일반부사,,
조금씩,일반부사,,
비등비등,일반부사,,
아주아주,일반부사,3,
후덜덜,일반부사,,
이제,일반부사,2,
건너건너,일반부사,2,붙여쓰기도 허용

한두,관형사,3,
두세,관형사,3,
다다음,관형사,3,

햇,체언접두사,,
폐,체언접두사,,
잔,체언접두사,5,
선,체언접두사,,
준,체언접두사,,
최,체언접두사,,
인,체언접두사,-2,
잡,체언접두사,,
마,체언접두사,-1,

식,명사파생접미사,,
선,명사파생접미사,,
가량,명사파생접미사,5,
쯤,명사파생접미사,13,
전,명사파생접미사,0,
털이,명사파생접미사,,
민,명사파생접미사,,
마,명사파생접미사,,
류,명사파생접미사,,
작,명사파생접미사,,

차,부사파생접미사,,

되,연결어미,,
라는,연결어미,10,
라면,연결어미,5,
사와,연결어미,,
다가는,연결어미,,
다간,연결어미,5,
답시고,연결어미,,
ᆫ지,연결어미,,
ᆫ지,종결어미,,
ᆫ걸,종결어미,1,
고말고,종결어미,1,
으로든,연결어미,,

이며,접속조사,10,
에서,부사격조사,5,
에다가,부사격조사,7,
로써,부사격조사,2,

치근,어근,,
치근덕,어근,,
우러,어근,,
나타,어근,-1,
찌뿌둥,어근,,
두근,어근,-1
알짱알짱,어근,,
믿음직,어근,10,
먹음직,어근,10,
야시시,어근,,
순둥,어근,,비표준어
방만,어근,-2,
쪼물딱,어근,,

케켁,감탄사,,

하술,일반명사,,비표준어
땡중,일반명사,,비표준어

긋,선어말어미,-10,방언
비스무리,일반명사,,방언
비스무레,일반명사,-5,오타 검출용
혼내키,동사,-2,방언
쎄하,형용사,-1,방언
얼척,어근,,방언
짜리몽땅,어근,,방언
짜리몽당,어근,,방언

1,숫자,0,형태소 분해용
3,숫자,,형태소 분해용
.,종결부호,0,형태소 분해용
?,종결부호,0,형태소 분해용
%,기타특수문자,0,형태소 분해용
m,알파벳,0,형태소 분해용
나,보조사,3,
이나,접속조사,1,
지만,연결어미,,
ᆫ다면서,연결어미,10,커스텀 어미
라면서,연결어미,10,커스텀 어미
랬는데,연결어미,5,커스텀 어미
랬는데,종결어미,5,커스텀 어미
ᆫ다는데,연결어미,10,커스텀 어미
려니까,연결어미,10,커스텀 어미
다는,연결어미,3,커스텀 어미
다니,연결어미,5,커스텀 어미
라니,연결어미,5,커스텀 어미
라니까,연결어미,5,커스텀 어미
려는,연결어미,10,커스텀 어미

잖아,종결어미,10,커스텀 어미
잖아요,종결어미,10,커스텀 어미
잖니,종결어미,10,커스텀 어미
잖나,종결어미,10,커스텀 어미
잖나요,종결어미,10,커스텀 어미
잖냐,종결어미,10,커스텀 어미
잖소,종결어미,10,커스텀 어미
잖음,종결어미,10,커스텀 어미
잖슴까,종결어미,10,커스텀 어미
잖는가,종결어미,10,커스텀 어미
슴까,종결어미,1,커스텀 어미
ᆷ까,종결어미,1,커스텀 어미
답니다,종결어미,10,커스텀 어미
랍니다,종결어미,10,커스텀 어미
갑네,종결어미,,커스텀 어미
갑다,종결어미,,커스텀 어미

우는소리,일반명사,1,비유적 표현과 구별 필요

온데간데,일반명사,,띄어쓰기 검출용
보잘것,일반명사,5,오타 검출용
탑제,일반명사,-10,오타 검출용
에초,일반명사,-10,오타 검출용
요세,일반명사,-10,오타 검출용
내제,일반명사,-10,오타 검출용
덩쿨,일반명사,-10,오타 검출용
재패,일반명사,-10,오타 검출용
노말,일반명사,-10,오타 검출용
피쳐링,일반명사,,오타 검출용
애벌래,일반명사,-10,오타 검출용
파인에플,일반명사,-10,오타 검출용
캡쳐,일반명사,-10,오타 검출용
제배,일반명사,-10,오타 검출용
반대펴,일반명사,-10,오타 검출용
체널,일반명사,-10,오타 검출용
선술,일반명사,,오타 검출용
쉐도,일반명사,-10,오타 검출용
펫말,일반명사,-10,오타 검출용
노말,일반명사,-5,오타 검출용
뜬금,일반명사,-8,오타 검출용
뜬끔,일반명사,-10,오타 검출용
꼴지,일반명사,-10,오타 검출용
덮게,일반명사,-10,오타 검출용
지우게,일반명사,-10,오타 검출용
배게,일반명사,-10,오타 검출용
버젼,일반명사,-10,오타 검출용
항후,일반명사,-10,오타 검출용
채감,일반명사,-10,오타 검출용
자채,일반명사,-10,오타 검출용
순의,일반명사,-10,오타 검출용
패트병,일반명사,-10,오타 검츌용
짝궁,일반명사,-10,오타 검출용
실증,일반명사,-10,오타 검출용
출물,일반명사,-10,오타 검출용
제네레이션,일반명사,-10,오타 검출용
해쉬,일반명사,-10,오타 검출용
탬,일반명사,-10,오타 검출용
이아기,일반명사,-10,오타 검출용
색체,일반명사,-10,오타 검출용
개발살,일반명사,-10,오타 검출용
산제,일반명사,-5,오타 검출용
칩입,일반명사,-10,오타 검출용
쯔음,일반명사,-5,오타 검출용
건유,일반명사,-10,오타 검출용
몰건,일반명사,-5,오타 검출용
재출,일반명사,-5,오타 검출용
텍스쳐,일반명사,-10,오타 검출용
달련,일반명사,-10,오타 검출용

즉슨,일반명사,-10,띄어쓰기 검출용
가문비,일반명사,-5,띄어쓰기 검출용
메크로,일반명사,-10,띄어쓰기 검출용
오마쥬,일반명사,-10,띄어쓰기 검출용

쳔,수사,-10,오타 검출용

넓쩍,어근,-10,오타 검출용
앵간,어근,-5,오타 검출용
엥간,어근,-10,오타 검출용
짧막,어근,-10,오타 검출용

건내,동사,-2,오타 검출용
떼우,동사,,오타 검출용
붙히,동사,-8,오타 검출용
얽히고섥히,동사,,오타 검출용
얼키고설키,동사,,오타 검출용
얽키고섥히,동사,,오타 검출용
얽히고섥이,동사,,오타 검출용
꺼매지,동사,,오타 검출용
꺼메지,동사,,오타 검출용
퍼래지,동사,,오타 검출용
매마르,동사,,오타 검출용
짓껄이,동사,,오타 검출용
본따,동사,2,오타 검출용
쭈구리,동사,,오타 검출용
도우,동사,-10,오타 검출용
매꾸,동사,-10,오타 검출용
갖히,동사,-10,오타 검출용
곂치,동사,-10,오타 검출용
꼬오,동사,-10,오타 검출용
몰아붙히,동사,-10,오타 검출용
울궈먹,동사,-10,오타 검출용
뭍히,동사,-10,오타 검출용
파뭍히,동사,-10,오타 검출용
베어나오,동사,-10,오타 검출용
멤돌,동사,-10,오타 검출용
눌러붙,동사,0,오타 검출용
해매,동사,-10,오타 검출용
해매이,동사,-10,오타 검출용
높히,동사,-3,오타 검출용
같히,동사,-10,오타 검출용
메달리,동사,-10,오타 검출용
통들,동사,-5,오타 검출용
꺽,동사,-6,오타 검출용
찌뿌리,동사,-10,오타 검출용
낯추,동사,-10,오타 검출용
깨닿,동사,-10,오타 검출용
없에,동사,-10,오타 검출용
띄이,동사,-10,오타 검출용
쫒,동사,-10,오타 검출용
쓰려뜨리,동사,-10,오타 검출용
쓰려트리,동사,-10,오타 검출용
사그러드,동사,-10,오타 검출용
맞기,동사,-8,오타 검출용
팅기,동사,-10,오타 검출용
건들이,동사,-10,오타 검출용
건들리,동사,-10,오타 검출용
일그려지,동사,-10,오타 검출용
맞딱드리,동사,-10,오타 검출용
맞딱뜨리,동사,-10,오타 검출용
재끼,동사,-10,오타 검출용
흘려나오,동사,-5,오타 검출용
세어나가,동사,-5,오타 검출용
내새우,동사,-10,오타 검출용
처다보,동사,-10,오타 검출용
얻어텨지,동사,-10,오타 검출용
텨지,동사,-10,오타 검출용
뺐기,동사,-10,오타 검출용
쳐하,동사,-5,오타 검출용
걸맞추,동사,-10,오타 검출용
불려들,동사,-5,오타 검출용
깨닳,동사,-10,오타 검출용
꽂이,동사,-10,오타 검출용
때가,동사,-6,오타 검출용
휘졌,동사,-10,오타 검출용
께,동사,-10,오타 검출용
처들,동사,-5,오타 검출용
이르키,동사,-10,오타 검출용
앎,동사,-10,오타 검출용
쳐넣,동사,-5,오타 검출용
배끼,동사,-8,오타 검출용

멋드러지,형용사,,오타 검출용
어쭙찮,형용사,,오타 검출용
낮설,형용사,-10,오타 검출용
실날같,형용사,-10,오타 검출용
갸냘프,형용사,-10,오타 검출용

여려,관형사,-10,오타 검출용

꾀나,일반부사,-5,오타 검출용
게속,일반부사,-10,오타 검출용
걔속,일반부사,-10,오타 검출용
재일,일반부사,-10,오타 검출용
나즈막이,일반부사,-10,오타 검출용
나즈막히,일반부사,-10,오타 검출용
나지막히,일반부사,-10,오타 검출용
그마마,일반부사,-10,오타 검출용
다짜고자,일반부사,-10,오타 검출용
훨신,일반부사,1,오타 검출용
가끔식,일반부사,-5,오타 검출용
몰론,일반부사,-10,오타 검출용
먼져,일반부사,-10,오타 검출용

뒤치락,일반부사,-5,띄어쓰기 검출용

마져,보조사,,오타 검출용

겠끔,연결어미,-10,오타 검출용
지언정,연결어미,-10,오타 검출용
곘,선어말어미,-10,오타 검출용
았,선어말어미,-10,오타 검출용
따,종결어미,-2,오타 검출용
나끼,종결어미,-10,오타 검출용