word,score
별걸,5,별거,일반명사,ᆯ,목적격조사
별건,5,별거,일반명사,ᆫ,보조사
본떠서,1,본뜨,동사,어서,연결어미
본따,13,본따,동사,어,연결어미
본떠,20,본뜨,동사,어,연결어미
그걸,3,그거,대명사,ᆯ,목적격조사
들이켜,1,들이켜,동사,어,연결어미
생각하지만,1,생각,일반명사,하,동사파생접미사,지만,연결어미
잔고장,5,잔,체언접두사,고장,일반명사
전차을,1,전차,일반명사,을,목적격조사
즐건,-3,즐겁,형용사규칙활용,ᆫ,관형사형전성어미
귀연,-10,귀엽,형용사규칙활용,ᆫ,관형사형전성어미
1체하고만,5,1,숫자,체,의존명사,하고,부사격조사,만,보조사
새걸,3,새것,일반명사,ᆯ,목적격조사
새걸로,3,새것,일반명사,ᆯ로,부사격조사
매턴,3,매,관형사,턴,일반명사
앞에서,3,앞,일반명사,에서,부사격조사
해당 화에만,4,해당,일반명사,화,일반명사,에,부사격조사,만,보조사
들으면,1,듣,동사규칙활용,으면,연결어미
먹고살,5,먹고살,동사,ᆯ,관형사형전성어미
먹고사는,5,먹고살,동사,는,관형사형전성어미
지도네,10,지도,일반명사,네,종결어미
이렇게나,5,이렇,형용사규칙활용,게,연결어미,나,보조사
되긋나,5,되,동사,긋,선어말어미,나,연결어미
쓰러뜨리겠다고,10,쓰러뜨리,동사,겠,선어말어미,다고,연결어미
큰소리쳤다는,10,큰소리치,동사,었,선어말어미,다는,연결어미
멀어져,10,멀어지,동사,어,연결어미
들어왔거든,10,들어오,동사,었,선어말어미,거든,종결어미
막아섰잖아,10,막아서,동사,었,선어말어미,잖아,종결어미
쏟아부은,10,쏟아붓,동사규칙활용,은,관형사형전성어미
켜도,10,켜,동사,어도,연결어미
약탈 해적,10,약탈,일반명사,해적,일반명사
융합 해제,10,융합,일반명사,해제,일반명사
많을 수밖에.,10,많,형용사,을,관형사형전성어미,수,의존명사,밖에,보조사,.,종결부호
남아도는,,남아돌,동사,는,관형사형전성어미
플레이하여 진엔딩의,10,플레이,일반명사,하,동사파생접미사,어,연결어미,진,체언접두사,엔딩,일반명사,의,관형격조사
내버려둬,10,내버려두,동사,어,연결어미
거리에나,5,거리,일반명사,에,부사격조사,나,보조사
지금까지보다,10,지금,일반명사,까지,보조사,보다,부사격조사
빠져든다.,10,빠져들,동사,ᆫ다,종결어미,.,종결부호
사고파는,3,사고팔,동사,는,관형사형전성어미
치켜드는,3,치켜들,동사,는,관형사형전성어미
움켜쥔,3,움켜쥐,동사,ᆫ,관형사형전성어미
몰려들었다가,3,몰려들,동사,었,선어말어미,다가,연결어미
잦아들었다,3,잦아들,동사,었,선어말어미,다,종결어미
쏟아부었으니,3,쏟아붓,동사규칙활용,었,선어말어미,으니,연결어미
단거라도 좀,5,단거,일반명사,라도,연결어미,좀,일반부사
돌아갔다,5,돌아가,동사,었,선어말어미,다,연결어미
울고나,10,울,동사,고,연결어미,나,보조사
타고났어요,10,타고나,동사,었,선어말어미,어요,종결어미
빠져나왔어,10,빠져나오,동사,었,선어말어미,어,종결어미
빠져나왔지만,10,빠져나오,동사,었,선어말어미,지만,연결어미
빠져나왔고,10,빠져나오,동사,었,선어말어미,고,연결어미
찾아다녔어,10,찾아다니,동사,었,선어말어미,어,종결어미
귀담아들었으니,10,귀담아듣,동사규칙활용,었,선어말어미,으니,연결어미
먹고사셔야죠,10,먹고살,동사,시,선어말어미,어야죠,종결어미
에서는,5,에서,부사격조사,는,보조사
에선,12,에서,부사격조사,ᆫ,관형사형전성어미
에나,5,에,부사격조사,나,보조사
고나,5,고,연결어미,나,보조사
로든,5,로,부사격조사,든,연결어미
떠드시더니,3,떠들,동사,시,선어말어미,더니,연결어미
날아올랐다,5,날아오르,동사,었,선어말어미,다,종결어미
쫓아왔어요,5,쫓아오,동사,었,선어말어미,어요,종결어미
가져왔으니까,3,가져오,동사,었,선어말어미,으니까,연결어미
잡아왔다고,3,잡아오,동사,었,선어말어미,다고,연결어미
잡아왔다고?,3,잡아오,동사,었,선어말어미,다고,종결어미,?,종결부호
달려드는,3,달려들,동사,는,관형사형전성어미
낡지 않는,5,낡,동사,지,연결어미,않,보조용언,는,관형사형전성어미
의심하지만,5,의심,일반명사,하,동사파생접미사,지만,연결어미
진압하나,5,진압,일반명사,하,동사파생접미사,나,연결어미
하나,,하,동사파생접미사,나,연결어미
빠져나갔으며,5,빠져나가,동사,었,선어말어미,으며,연결어미
전진 거리,5,전진,일반명사,거리,일반명사
안긴 문장,2,안기,동사,ᆫ,관형사형전성어미,문장,일반명사
으로선,6,으로서,부사격조사,ᆫ,관형사형전성어미
거들 뿐,5,거들,동사,뿐,의존명사
아이템 전,2,아이템,일반명사,전,명사파생접미사
저 시기에,2,저,관형사,시기,일반명사,에,부사격조사
잡지만,2,잡,동사불규칙활용,지만,연결어미
제국민,,제국,일반명사,민,명사파생접미사
어느샌가,1,어느새,일반부사,ᆫ가,연결어미
이상이어서,1,이상,일반명사,이,긍정지정사,어서,연결어미
증조부 대로,3,증조부,일반명사,대,일반명사,로,부사격조사
최후반,3,최,체언접두사,후반,일반명사
%의,5,%,기타특수문자,의,관형격조사
잘사는,1,잘살,동사,는,관형사형전성어미
잘못된,9,잘못되,동사,ᆫ,관형사형전성어미
잘못봤다고,5,잘못,일반부사,보,동사,었,선어말어미,다고,연결어미
잘못했,5,잘못하,동사,었,선어말어미
알렸던,10,알리,동사,었,선어말어미,던,관형사형전성어미
풀렸,10,풀리,동사,었,선어말어미
질려했,5,질리,동사,어,연결어미,하,동사,었,선어말어미
로선,2,로서,부사격조사,ᆫ,보조사
같이했던,7,같이하,동사,었,선어말어미,던,관형사형전성어미
로든,3,로,부사격조사,든,연결어미
경로로든,5,경로,일반명사,로,부사격조사,이,긍정지정사,든,연결어미
몸부림쳤으며,5,몸부림치,동사,었,선어말어미,으며,연결어미
구멍이나,1,구멍,일반명사,이나,접속조사
에든,5,에,부사격조사,든,보조사
재작성,2,재,체언접두사,작성,일반명사
3줄,3,3,숫자,줄,일반명사
화산속,7,화산,일반명사,속,일반명사
헛걸,5,헛것,일반명사,ᆯ,목적격조사
놀라지만,5,놀라,동사,지만,연결어미
둔기류,5,둔기,일반명사,류,명사파생접미사
지만,2,지만,연결어미
도는,2,돌,동사,는,관형사형전성어미
뇌속성,2,뇌,일반명사,속성,일반명사
하나만큼,3,하나,수사,만큼,부사격조사
로만,3,로,부사격조사,만,보조사
3부작,3,3,숫자,부,일반명사,작,명사파생접미사
마개조,5,마,체언접두사,개조,일반명사
고인물들,2,고인물,일반명사,들,명사파생접미사
그만한,10,그만하,형용사,ᆫ,관형사형전성어미
으로든,7,으로,부사격조사,든,연결어미
궁중의사,2,궁중,일반명사,의사,일반명사
풀차지,3,풀,일반명사,차지,일반명사
자기중심적,5,자기중심,일반명사,적,명사파생접미사
치닫았을지도,3,치,동사,닫,동사불규칙활용,었,선어말어미,을지,연결어미,도,보조사